"Abilene", "TX"
"Akron", "OH"
"Albany", "GA"
"Albany-Schenectady-Troy", "NY"
"Albuquerque", "NM"
"Alexandria", "LA"
"Allentown-Bethlehem-Easton", "PA-NJ"
"Altoona", "PA"
"Amarillo", "TX"
"Ames", "IA"
"Anchorage", "AK"
"Anderson", "IN"
"Anderson", "SC"
"Ann Arbor", "MI"
"Anniston-Oxford", "AL"
"Appleton", "WI"
"Asheville", "NC"
"Athens-Clarke County", "GA"
"Atlanta-Sandy Springs-Marietta", "GA"
"Atlantic City-Hammonton", "NJ"
"Auburn-Opelika", "AL"
"Augusta-Richmond County", "GA-SC"
"Austin-Round Rock-San Marcos", "TX"
"Bakersfield-Delano", "CA"
"Baltimore-Towson", "MD"
"Bangor", "ME"
"Barnstable Town", "MA"
"Baton Rouge", "LA"
"Battle Creek", "MI"
"Bay City", "MI"
"Beaumont-Port Arthur", "TX"
"Bellingham", "WA"
"Bend", "OR"
"Billings", "MT"
"Binghamton", "NY"
"Birmingham-Hoover", "AL"
"Bismarck", "ND"
"Blacksburg-Christiansburg-Radford", "VA"
"Bloomington", "IN"
"Bloomington-Normal", "IL"
"Boise City-Nampa", "ID"
"Boston-Cambridge-Quincy", "MA-NH"
"Boulder", "CO"
"Bowling Green", "KY"
"Bremerton-Silverdale", "WA"
"Bridgeport-Stamford-Norwalk", "CT"
"Brownsville-Harlingen", "TX"
"Brunswick", "GA"
"Buffalo-Niagara Falls", "NY"
"Burlington", "NC"
"Burlington-South Burlington", "VT"
"Canton-Massillon", "OH"
"Cape Coral-Fort Myers", "FL"
"Cape Girardeau-Jackson", "MO-IL"
"Carson City", "NV"
"Casper", "WY"
"Cedar Rapids", "IA"
"Champaign-Urbana", "IL"
"Charleston", "WV"
"Charleston-North Charleston-Summerville", "SC"
"Charlotte-Gastonia-Rock Hill", "NC-SC"
"Charlottesville", "VA"
"Chattanooga", "TN-GA"
"Cheyenne", "WY"
"Chicago-Joliet-Naperville", "IL-IN-WI"
"Chico", "CA"
"Cincinnati-Middletown", "OH-KY-IN"
"Clarksville", "TN-KY"
"Cleveland", "TN"
"Cleveland-Elyria-Mentor", "OH"
"Coeur dAlene", "ID"
"College Station-Bryan", "TX"
"Colorado Springs", "CO"
"Columbia", "MO"
"Columbia", "SC"
"Columbus", "GA-AL"
"Columbus", "IN"
"Columbus", "OH"
"Corpus Christi", "TX"
"Corvallis", "OR"
"Crestview-Fort Walton Beach-Destin", "FL"
"Cumberland", "MD-WV"
"Dallas-Fort Worth-Arlington", "TX"
"Dalton", "GA"
"Danville", "IL"
"Danville", "VA"
"Davenport-Moline-Rock Island", "IA-IL"
"Dayton", "OH"
"Decatur", "AL"
"Decatur", "IL"
"Deltona-Daytona Beach-Ormond Beach", "FL"
"Denver-Aurora-Broomfield", "CO"
"Des Moines-West Des Moines", "IA"
"Detroit-Warren-Livonia", "MI"
"Dothan", "AL"
"Dover", "DE"
"Dubuque", "IA"
"Duluth", "MN-WI"
"Durham-Chapel Hill", "NC"
"Eau Claire", "WI"
"El Centro", "CA"
"Elizabethtown", "KY"
"Elkhart-Goshen", "IN"
"Elmira", "NY"
"El Paso", "TX"
"Erie", "PA"
"Eugene-Springfield", "OR"
"Evansville", "IN-KY"
"Fairbanks", "AK"
"Fargo", "ND-MN"
"Farmington", "NM"
"Fayetteville", "NC"
"Fayetteville-Springdale-Rogers", "AR-MO"
"Flagstaff", "AZ"
"Flint", "MI"
"Florence", "SC"
"Florence-Muscle Shoals", "AL"
"Fond du Lac", "WI"
"Fort Collins-Loveland", "CO"
"Fort Smith", "AR-OK"
"Fort Wayne", "IN"
"Fresno", "CA"
"Gadsden", "AL"
"Gainesville", "FL"
"Gainesville", "GA"
"Glens Falls", "NY"
"Goldsboro", "NC"
"Grand Forks", "ND-MN"
"Grand Junction", "CO"
"Grand Rapids-Wyoming", "MI"
"Great Falls", "MT"
"Greeley", "CO"
"Green Bay", "WI"
"Greensboro-High Point", "NC"
"Greenville", "NC"
"Greenville-Mauldin-Easley", "SC"
"Gulfport-Biloxi", "MS"
"Hagerstown-Martinsburg", "MD-WV"
"Hanford-Corcoran", "CA"
"Harrisburg-Carlisle", "PA"
"Harrisonburg", "VA"
"Hartford-West Hartford-East Hartford", "CT"
"Hattiesburg", "MS"
"Hickory-Lenoir-Morganton", "NC"
"Hinesville-Fort Stewart", "GA"
"Holland-Grand Haven", "MI"
"Honolulu", "HI"
"Hot Springs", "AR"
"Houma-Bayou Cane-Thibodaux", "LA"
"Houston-Sugar Land-Baytown", "TX"
"Huntington-Ashland", "WV-KY-OH"
"Huntsville", "AL"
"Idaho Falls", "ID"
"Indianapolis-Carmel", "IN"
"Iowa City", "IA"
"Ithaca", "NY"
"Jackson", "MI"
"Jackson", "MS"
"Jackson", "TN"
"Jacksonville", "FL"
"Jacksonville", "NC"
"Janesville", "WI"
"Jefferson City", "MO"
"Johnson City", "TN"
"Johnstown", "PA"
"Jonesboro", "AR"
"Joplin", "MO"
"Kalamazoo-Portage", "MI"
"Kankakee-Bradley", "IL"
"Kansas City", "MO-KS"
"Kennewick-Pasco-Richland", "WA"
"Killeen-Temple-Fort Hood", "TX"
"Kingsport-Bristol-Bristol", "TN-VA"
"Kingston", "NY"
"Knoxville", "TN"
"Kokomo", "IN"
"La Crosse", "WI-MN"
"Lafayette", "IN"
"Lafayette", "LA"
"Lake Charles", "LA"
"Lake Havasu City-Kingman", "AZ"
"Lakeland-Winter Haven", "FL"
"Lancaster", "PA"
"Lansing-East Lansing", "MI"
"Laredo", "TX"
"Las Cruces", "NM"
"Las Vegas-Paradise", "NV"
"Lawrence", "KS"
"Lawton", "OK"
"Lebanon", "PA"
"Lewiston", "ID-WA"
"Lewiston-Auburn", "ME"
"Lexington-Fayette", "KY"
"Lima", "OH"
"Lincoln", "NE"
"Little Rock-North Little Rock-Conway", "AR"
"Logan", "UT-ID"
"Longview", "TX"
"Longview", "WA"
"Los Angeles-Long Beach-Santa Ana", "CA"
"Louisville/Jefferson County", "KY-IN"
"Lubbock", "TX"
"Lynchburg", "VA"
"Macon", "GA"
"Madera-Chowchilla", "CA"
"Madison", "WI"
"Manchester-Nashua", "NH"
"Manhattan", "KS"
"Mankato-North Mankato", "MN"
"Mansfield", "OH"
"McAllen-Edinburg-Mission", "TX"
"Medford", "OR"
"Memphis", "TN-MS-AR"
"Merced", "CA"
"Miami-Fort Lauderdale-Pompano Beach", "FL"
"Michigan City-La Porte", "IN"
"Midland", "TX"
"Milwaukee-Waukesha-West Allis", "WI"
"Minneapolis-St. Paul-Bloomington", "MN-WI"
"Missoula", "MT"
"Mobile", "AL"
"Modesto", "CA"
"Monroe", "LA"
"Monroe", "MI"
"Montgomery", "AL"
"Morgantown", "WV"
"Morristown", "TN"
"Mount Vernon-Anacortes", "WA"
"Muncie", "IN"
"Muskegon-Norton Shores", "MI"
"Myrtle Beach-North Myrtle Beach-Conway", "SC"
"Napa", "CA"
"Naples-Marco Island", "FL"
"Nashville-Davidson--Murfreesboro--Franklin", "TN"
"New Haven-Milford", "CT"
"New Orleans-Metairie-Kenner", "LA"
"New York-Northern New Jersey-Long Island", "NY-NJ-PA"
"Niles-Benton Harbor", "MI"
"North Port-Bradenton-Sarasota", "FL"
"Norwich-New London", "CT"
"Ocala", "FL"
"Ocean City", "NJ"
"Odessa", "TX"
"Ogden-Clearfield", "UT"
"Oklahoma City", "OK"
"Olympia", "WA"
"Omaha-Council Bluffs", "NE-IA"
"Orlando-Kissimmee-Sanford", "FL"
"Oshkosh-Neenah", "WI"
"Owensboro", "KY"
"Oxnard-Thousand Oaks-Ventura", "CA"
"Palm Bay-Melbourne-Titusville", "FL"
"Palm Coast", "FL"
"Panama City-Lynn Haven-Panama City Beach", "FL"
"Parkersburg-Marietta-Vienna", "WV-OH"
"Pascagoula", "MS"
"Pensacola-Ferry Pass-Brent", "FL"
"Peoria", "IL"
"Philadelphia-Camden-Wilmington", "PA-NJ-DE-MD"
"Phoenix-Mesa-Glendale", "AZ"
"Pine Bluff", "AR"
"Pittsburgh", "PA"
"Pittsfield", "MA"
"Pocatello", "ID"
"Portland-South Portland-Biddeford", "ME"
"Portland-Vancouver-Hillsboro", "OR-WA"
"Port St. Lucie", "FL"
"Poughkeepsie-Newburgh-Middletown", "NY"
"Prescott", "AZ"
"Providence-New Bedford-Fall River", "RI-MA"
"Provo-Orem", "UT"
"Pueblo", "CO"
"Punta Gorda", "FL"
"Racine", "WI"
"Raleigh-Cary", "NC"
"Rapid City", "SD"
"Reading", "PA"
"Redding", "CA"
"Reno-Sparks", "NV"
"Richmond", "VA"
"Riverside-San Bernardino-Ontario", "CA"
"Roanoke", "VA"
"Rochester", "MN"
"Rochester", "NY"
"Rockford", "IL"
"Rocky Mount", "NC"
"Rome", "GA"
"Sacramento--Arden-Arcade--Roseville", "CA"
"Saginaw-Saginaw Township North", "MI"
"St. Cloud", "MN"
"St. George", "UT"
"St. Joseph", "MO-KS"
"St. Louis", "MO-IL"
"Salem", "OR"
"Salinas", "CA"
"Salisbury", "MD"
"Salt Lake City", "UT"
"San Angelo", "TX"
"San Antonio-New Braunfels", "TX"
"San Diego-Carlsbad-San Marcos", "CA"
"Sandusky", "OH"
"San Francisco-Oakland-Fremont", "CA"
"San Jose-Sunnyvale-Santa Clara", "CA"
"San Luis Obispo-Paso Robles", "CA"
"Santa Barbara-Santa Maria-Goleta", "CA"
"Santa Cruz-Watsonville", "CA"
"Santa Fe", "NM"
"Santa Rosa-Petaluma", "CA"
"Savannah", "GA"
"Scranton--Wilkes-Barre", "PA"
"Seattle-Tacoma-Bellevue", "WA"
"Sebastian-Vero Beach", "FL"
"Sheboygan", "WI"
"Sherman-Denison", "TX"
"Shreveport-Bossier City", "LA"
"Sioux City", "IA-NE-SD"
"Sioux Falls", "SD"
"South Bend-Mishawaka", "IN-MI"
"Spartanburg", "SC"
"Spokane", "WA"
"Springfield", "IL"
"Springfield", "MA"
"Springfield", "MO"
"Springfield", "OH"
"State College", "PA"
"Steubenville-Weirton", "OH-WV"
"Stockton", "CA"
"Sumter", "SC"
"Syracuse", "NY"
"Tallahassee", "FL"
"Tampa-St. Petersburg-Clearwater", "FL"
"Terre Haute", "IN"
"Texarkana", "TX-TexarkanaAR"
"Toledo", "OH"
"Topeka", "KS"
"Trenton-Ewing", "NJ"
"Tucson", "AZ"
"Tulsa", "OK"
"Tuscaloosa", "AL"
"Tyler", "TX"
"Utica-Rome", "NY"
"Valdosta", "GA"
"Vallejo-Fairfield", "CA"
"Victoria", "TX"
"Vineland-Millville-Bridgeton", "NJ"
"Virginia Beach-Norfolk-Newport News", "VA-NC"
"Visalia-Porterville", "CA"
"Waco", "TX"
"Warner Robins", "GA"
"Washington-Arlington-Alexandria", "DC-VA-MD-WV"
"Waterloo-Cedar Falls", "IA"
"Wausau", "WI"
"Wenatchee-East Wenatchee", "WA"
"Wheeling", "WV-OH"
"Wichita", "KS"
"Wichita Falls", "TX"
"Williamsport", "PA"
"Wilmington", "NC"
"Winchester", "VA-WV"
"Winston-Salem", "NC"
"Worcester", "MA"
"Yakima", "WA"
"York-Hanover", "PA"
"Youngstown-Warren-Boardman", "OH-PA"
"Yuba City", "CA"
"Yuma", "AZ"
